Application,ProcessID,SwapChainAddress,PresentRuntime,SyncInterval,PresentFlags,AllowsTearing,PresentMode,TimeInMs,MsBetweenSimulationStart,MsBetweenPresents,MsBetweenDisplayChange,MsInPresentAPI,MsRenderPresentLatency,MsUntilDisplayed,CPUStartTimeInMs,MsBetweenAppStart,MsCPUBusy,MsCPUWait,MsGPULatency,MsGPUTime,MsGPUBusy,MsGPUWait,MsAnimationError,AnimationTime,MsFlipDelay,MsAllInputToPhotonLatency,MsClickToPhotonLatency
WindowsTerminal.exe,31340,0x20E7DA60E70,DXGI,1,0,0,Hardware Composed: Independent Flip,63.2901,NA,0.30750000000000,6.95410000000000,0.19860000000000,1.56040000000000,9.3217,63.2507,0.2380,0.0394,0.1986,1.0286,0.5712,0.5603,0.0109,NA,63.2507,NA,NA,NA
WindowsTerminal.exe,31340,0x20E7DA60E70,DXGI,1,0,0,Hardware Composed: Independent Flip,110.3649,NA,47.07480000000000,41.66640000000000,0.44090000000000,1.69240000000000,3.9133,63.4887,47.3171,46.8762,0.4409,47.0093,1.5593,1.5593,0.0000,-41.4284,63.4887,NA,NA,NA
WindowsTerminal.exe,31340,0x20E7DA60E70,DXGI,1,0,0,Hardware Composed: Independent Flip,110.8455,NA,0.48060000000000,6.96140000000000,0.21810000000000,1.81990000000000,10.3941,110.8058,0.2578,0.0397,0.2181,1.2515,0.6081,0.5897,0.0184,40.3557,110.8058,NA,NA,NA
WindowsTerminal.exe,31340,0x20E7DA60E70,DXGI,1,0,0,Hardware Composed: Independent Flip,156.9174,NA,46.07190000000000,41.83410000000000,0.26410000000000,1.45310000000000,6.1563,111.0636,46.1179,45.8538,0.2641,23.7897,23.5172,2.9388,20.5784,-41.5763,111.0636,NA,NA,NA
WindowsTerminal.exe,31340,0x20E7DA60E70,DXGI,1,0,0,Hardware Composed: Independent Flip,157.2276,NA,0.31020000000000,6.79740000000000,0.22850000000000,1.79330000000000,12.6435,157.1815,0.2746,0.0461,0.2285,1.1890,0.6504,0.6297,0.0207,39.3205,157.1815,NA,NA,NA
WindowsTerminal.exe,31340,0x20E7DA60E70,DXGI,1,0,0,Hardware Composed: Independent Flip,203.5606,NA,46.33300000000000,41.65580000000000,0.48170000000000,2.19230000000000,7.9663,157.4561,46.5862,46.1045,0.4817,46.2504,2.0464,2.0464,0.0000,-41.3812,157.4561,NA,NA,NA
WindowsTerminal.exe,31340,0x20E7DA60E70,DXGI,1,0,0,Hardware Composed: Independent Flip,204.0822,NA,0.52160000000000,6.98840000000000,0.18730000000000,2.36140000000000,14.4331,204.0423,0.2272,0.0399,0.1873,1.7106,0.6907,0.6782,0.0125,39.5978,204.0423,NA,NA,NA
WindowsTerminal.exe,31340,0x20E7DA60E70,DXGI,1,0,0,Hardware Composed: Independent Flip,251.4429,NA,47.36070000000000,41.61510000000000,0.25660000000000,2.66410000000000,8.6875,204.2695,47.4300,47.1734,0.2566,47.2842,2.5533,2.5533,0.0000,-41.3879,204.2695,NA,NA,NA
dwm.exe,2032,0x0,Other,-1,0,0,Hardware: Legacy Flip,254.7347,NA,222.25440000000000,222.27640000000000,0.00000000000000,0.72570000000000,5.3941,32.4803,222.2544,222.2544,0.0000,1.8467,221.1334,1.4277,219.7057,NA,32.4803,NA,NA,NA
WindowsTerminal.exe,31340,0x20E7DA60E70,DXGI,1,0,0,Hardware Composed: Independent Flip,251.7370,NA,0.29410000000000,6.91290000000000,0.20990000000000,4.76580000000000,15.3063,251.6995,0.2474,0.0375,0.2099,2.4075,2.3958,2.3817,0.0141,40.5171,251.6995,NA,NA,NA
WindowsTerminal.exe,31340,0x20E7DA60E70,DXGI,1,0,0,Hardware Composed: Independent Flip,297.2877,NA,45.55070000000000,34.72510000000000,0.46380000000000,1.82470000000000,4.4807,251.9469,45.8046,45.3408,0.4638,45.4949,1.6706,1.6706,0.0000,-34.4777,251.9469,NA,NA,NA
WindowsTerminal.exe,31340,0x20E7DA60E70,DXGI,1,0,0,Hardware Composed: Independent Flip,297.7898,NA,0.50210000000000,6.95610000000000,0.17200000000000,1.89460000000000,10.9347,297.7515,0.2103,0.0383,0.1720,1.3609,0.5720,0.5613,0.0107,38.8485,297.7515,NA,NA,NA
WindowsTerminal.exe,31340,0x20E7DA60E70,DXGI,1,0,0,Hardware Composed: Independent Flip,343.6687,NA,45.87890000000000,41.70360000000000,0.26480000000000,1.47510000000000,6.7594,297.9618,45.9717,45.7069,0.2648,45.8078,1.3742,1.3742,0.0000,-41.4933,297.9618,NA,NA,NA
WindowsTerminal.exe,31340,0x20E7DA60E70,DXGI,1,0,0,Hardware Composed: Independent Flip,343.9718,NA,0.30310000000000,6.95560000000000,0.17230000000000,1.82970000000000,13.4119,343.9335,0.2106,0.0383,0.1723,1.2103,0.6577,0.6443,0.0134,39.0161,343.9335,NA,NA,NA
WindowsTerminal.exe,31340,0x20E7DA60E70,DXGI,1,0,0,Hardware Composed: Independent Flip,390.4956,NA,46.52380000000000,41.63870000000000,0.50680000000000,1.80250000000000,8.5268,344.1441,46.8583,46.3515,0.5068,7.8435,40.3105,2.6111,37.6994,-41.4281,344.1441,NA,NA,NA
dwm.exe,2032,0x0,Other,-1,0,0,Hardware: Legacy Flip,279.1713,NA,24.43660000000000,20.78750000000000,0.00000000000000,0.54040000000000,1.7450,254.7347,24.4366,24.4366,0.0000,0.7257,24.2513,1.2329,23.0184,201.4669,254.7347,NA,NA,NA
WindowsTerminal.exe,31340,0x20E7DA60E70,DXGI,1,0,0,Hardware Composed: Independent Flip,391.0427,NA,0.54710000000000,6.94360000000000,0.18200000000000,2.50070000000000,14.9233,391.0024,0.2223,0.0403,0.1820,1.2957,1.2453,1.2365,0.0088,39.9147,391.0024,NA,NA,NA
WindowsTerminal.exe,31340,0x20E7DA60E70,DXGI,1,0,0,Hardware Composed: Independent Flip,437.1821,NA,46.13940000000000,34.68290000000000,0.38750000000000,1.67180000000000,3.4668,391.2247,46.3449,45.9574,0.3875,39.0587,8.5705,2.6151,5.9554,-34.4606,391.2247,NA,NA,NA
dwm.exe,2032,0x0,Other,-1,0,0,Hardware: Legacy Flip,410.3845,NA,131.21320000000000,138.92519999999999,0.00000000000000,4.12560000000000,9.4570,279.1713,131.2132,131.2132,0.0000,0.5404,134.7984,4.8586,129.9398,-114.4886,279.1713,NA,NA,NA
WindowsTerminal.exe,31340,0x20E7DA60E70,DXGI,1,0,0,Hardware Composed: Independent Flip,437.6160,NA,0.43390000000000,6.98340000000000,0.23400000000000,1.79190000000000,10.0163,437.5696,0.2804,0.0464,0.2340,1.2843,0.5540,0.5401,0.0139,39.3615,437.5696,NA,NA,NA
WindowsTerminal.exe,31340,0x20E7DA60E70,DXGI,1,0,0,Hardware Composed: Independent Flip,483.3926,NA,45.77660000000000,41.62660000000000,0.30050000000000,1.38570000000000,5.8663,437.8500,45.8431,45.5426,0.3005,45.6786,1.2497,1.2497,0.0000,-41.3462,437.8500,NA,NA,NA
WindowsTerminal.exe,31340,0x20E7DA60E70,DXGI,1,0,0,Hardware Composed: Independent Flip,483.7322,NA,0.33960000000000,6.99700000000000,0.17420000000000,1.72680000000000,12.5237,483.6931,0.2133,0.0391,0.1742,1.0852,0.6807,0.6698,0.0109,38.8461,483.6931,NA,NA,NA
WindowsTerminal.exe,31340,0x20E7DA60E70,DXGI,1,0,0,Hardware Composed: Independent Flip,530.8976,NA,47.16540000000000,41.61660000000000,0.28210000000000,1.73160000000000,6.9749,483.9064,47.2733,46.9912,0.2821,47.0909,1.6319,1.6319,0.0000,-41.4033,483.9064,NA,NA,NA
dwm.exe,2032,0x0,Other,-1,0,0,Hardware: Legacy Flip,469.9272,NA,59.54270000000000,55.56920000000000,0.00000000000000,2.00970000000000,5.4835,410.3845,59.5427,59.5427,0.0000,4.1256,57.4268,2.7073,54.7195,75.6440,410.3845,NA,NA,NA
WindowsTerminal.exe,31340,0x20E7DA60E70,DXGI,1,0,0,Hardware Composed: Independent Flip,531.2195,NA,0.32190000000000,6.94840000000000,0.18540000000000,2.06460000000000,13.6014,531.1797,0.2252,0.0398,0.1854,1.4495,0.6549,0.6461,0.0088,40.3249,531.1797,NA,NA,NA
WindowsTerminal.exe,31340,0x20E7DA60E70,DXGI,1,0,0,Hardware Composed: Independent Flip,577.3278,NA,46.10830000000000,41.69620000000000,0.24290000000000,7.28680000000000,9.1893,531.4049,46.1658,45.9229,0.2429,46.0383,7.1714,7.1714,0.0000,-41.4710,531.4049,NA,NA,NA
WindowsTerminal.exe,31340,0x20E7DA60E70,DXGI,1,0,0,Hardware Composed: Independent Flip,577.6092,NA,0.28140000000000,6.93100000000000,0.17040000000000,7.60790000000000,15.8389,577.5707,0.2089,0.0385,0.1704,7.0439,0.6025,0.5890,0.0135,39.2348,577.5707,NA,NA,NA
WindowsTerminal.exe,31340,0x20E7DA60E70,DXGI,1,0,0,Hardware Composed: Independent Flip,624.5382,NA,46.92900000000000,34.70140000000000,0.43020000000000,1.63660000000000,3.6113,577.7796,47.1888,46.7586,0.4302,46.8717,1.5235,1.5235,0.0000,-34.4925,577.7796,NA,NA,NA
WindowsTerminal.exe,31340,0x20E7DA60E70,DXGI,1,0,0,Hardware Composed: Independent Flip,625.0069,NA,0.46870000000000,7.02070000000000,0.20680000000000,1.73380000000000,10.1633,624.9684,0.2453,0.0385,0.2068,1.2064,0.5659,0.5568,0.0091,40.1681,624.9684,NA,NA,NA
WindowsTerminal.exe,31340,0x20E7DA60E70,DXGI,1,0,0,Hardware Composed: Independent Flip,671.5164,NA,46.50950000000000,41.60270000000000,0.45130000000000,1.65850000000000,5.2565,625.2137,46.7540,46.3027,0.4513,8.9785,38.9827,2.5254,36.4573,-41.3574,625.2137,NA,NA,NA
WindowsTerminal.exe,31340,0x20E7DA60E70,DXGI,1,0,0,Hardware Composed: Independent Flip,672.0062,NA,0.48980000000000,6.94390000000000,0.18250000000000,1.81830000000000,11.7106,671.9677,0.2210,0.0385,0.1825,1.2072,0.6496,0.6378,0.0118,39.8101,671.9677,NA,NA,NA
WindowsTerminal.exe,31340,0x20E7DA60E70,DXGI,1,0,0,Hardware Composed: Independent Flip,719.7169,NA,47.71070000000000,41.74230000000000,0.38640000000000,1.77640000000000,5.7422,672.1887,47.9146,47.5282,0.3864,40.7662,8.5384,2.6797,5.8587,-41.5213,672.1887,NA,NA,NA
dwm.exe,2032,0x0,Other,-1,0,0,Hardware: Legacy Flip,580.8135,NA,110.88630000000001,111.10480000000000,0.00000000000000,2.37870000000000,5.7020,469.9272,110.8863,110.8863,0.0000,2.0097,111.2553,3.1415,108.1138,-51.5621,469.9272,NA,NA,NA
WindowsTerminal.exe,31340,0x20E7DA60E70,DXGI,1,0,0,Hardware Composed: Independent Flip,720.1401,NA,0.42320000000000,6.87110000000000,0.17160000000000,2.02160000000000,12.1901,720.1033,0.2084,0.0368,0.1716,1.3900,0.6684,0.6456,0.0228,41.0435,720.1033,NA,NA,NA
WindowsTerminal.exe,31340,0x20E7DA60E70,DXGI,1,0,0,Hardware Composed: Independent Flip,765.4155,NA,45.27540000000000,41.67790000000000,0.49780000000000,1.77230000000000,8.5926,720.3117,45.6016,45.1038,0.4978,45.2749,1.6012,1.6012,0.0000,-41.4695,720.3117,NA,NA,NA
WindowsTerminal.exe,31340,0x20E7DA60E70,DXGI,1,0,0,Hardware Composed: Independent Flip,765.9514,NA,0.53590000000000,6.93000000000000,0.17430000000000,2.37060000000000,14.9867,765.9133,0.2124,0.0381,0.1743,1.2745,1.1342,1.1241,0.0101,38.6716,765.9133,NA,NA,NA
WindowsTerminal.exe,31340,0x20E7DA60E70,DXGI,1,0,0,Hardware Composed: Independent Flip,813.2165,NA,47.26510000000000,34.72710000000000,0.48370000000000,1.72380000000000,2.4487,766.1257,47.5745,47.0908,0.4837,47.2323,1.5823,1.5823,0.0000,-34.5147,766.1257,NA,NA,NA
WindowsTerminal.exe,31340,0x20E7DA60E70,DXGI,1,0,0,Hardware Composed: Independent Flip,813.7430,NA,0.52650000000000,6.95500000000000,0.20220000000000,1.77130000000000,8.8772,813.7002,0.2450,0.0428,0.2022,1.2401,0.5740,0.5632,0.0108,40.6195,813.7002,NA,NA,NA
WindowsTerminal.exe,31340,0x20E7DA60E70,DXGI,1,0,0,Hardware Composed: Independent Flip,860.8408,NA,47.09780000000000,41.65690000000000,0.52200000000000,1.78190000000000,3.4363,813.9452,47.4176,46.8956,0.5220,47.0548,1.6227,1.6227,0.0000,-41.4119,813.9452,NA,NA,NA
WindowsTerminal.exe,31340,0x20E7DA60E70,DXGI,1,0,0,Hardware Composed: Independent Flip,861.4034,NA,0.56260000000000,6.95680000000000,0.17430000000000,1.79400000000000,9.8305,861.3628,0.2149,0.0406,0.1743,1.2599,0.5747,0.5638,0.0109,40.4608,861.3628,NA,NA,NA
WindowsTerminal.exe,31340,0x20E7DA60E70,DXGI,1,0,0,Hardware Composed: Independent Flip,906.9065,NA,45.50310000000000,41.70020000000000,0.30060000000000,1.40160000000000,6.0276,861.5777,45.6294,45.3288,0.3006,45.4687,1.2617,1.2617,0.0000,-41.4853,861.5777,NA,NA,NA
dwm.exe,2032,0x0,Other,-1,0,0,Hardware: Legacy Flip,748.0369,NA,167.22340000000000,166.95630000000000,0.00000000000000,0.52600000000000,5.4349,580.8135,167.2234,167.2234,0.0000,2.3787,165.3707,1.2201,164.1506,-56.0700,580.8135,NA,NA,NA
WindowsTerminal.exe,31340,0x20E7DA60E70,DXGI,1,0,0,Hardware Composed: Independent Flip,907.2460,NA,0.33950000000000,6.91640000000000,0.17230000000000,1.69620000000000,12.6045,907.2071,0.2112,0.0389,0.1723,1.1010,0.6341,0.6218,0.0123,38.7130,907.2071,NA,NA,NA
WindowsTerminal.exe,31340,0x20E7DA60E70,DXGI,1,0,0,Hardware Composed: Independent Flip,953.9543,NA,46.70830000000000,41.67800000000000,0.43550000000000,2.35800000000000,7.5742,907.4183,46.9715,46.5360,0.4355,8.5866,40.3074,4.5066,35.8008,-41.4668,907.4183,NA,NA,NA
WindowsTerminal.exe,31340,0x20E7DA60E70,DXGI,1,0,0,Hardware Composed: Independent Flip,954.4277,NA,0.47340000000000,6.97310000000000,0.17140000000000,2.53170000000000,14.0739,954.3898,0.2093,0.0379,0.1714,1.9225,0.6471,0.6271,0.0200,39.9984,954.3898,NA,NA,NA
WindowsTerminal.exe,31340,0x20E7DA60E70,DXGI,1,0,0,Hardware Composed: Independent Flip,999.5561,NA,45.12840000000000,34.71710000000000,0.43420000000000,1.79220000000000,3.6626,954.5991,45.3912,44.9570,0.4342,45.0777,1.6715,1.6715,0.0000,-34.5078,954.5991,NA,NA,NA
dwm.exe,2032,0x0,Other,-1,0,0,Hardware: Legacy Flip,930.3802,NA,182.34330000000000,187.20599999999999,0.00000000000000,3.48980000000000,10.2976,748.0369,182.3433,182.3433,0.0000,0.5260,185.3071,4.5106,180.7965,-19.9826,748.0369,NA,NA,NA
WindowsTerminal.exe,31340,0x20E7DA60E70,DXGI,1,0,0,Hardware Composed: Independent Flip,1000.0364,NA,0.48030000000000,6.94850000000000,0.21680000000000,1.88350000000000,10.1308,999.9903,0.2629,0.0461,0.2168,1.3580,0.5716,0.5564,0.0152,38.4427,999.9903,NA,NA,NA
WindowsTerminal.exe,31340,0x20E7DA60E70,DXGI,1,0,0,Hardware Composed: Independent Flip,1048.0341,NA,47.99770000000000,41.64320000000000,0.55590000000000,1.83710000000000,3.7763,1000.2532,48.3368,47.7809,0.5559,48.0164,1.6016,1.6016,0.0000,-41.3803,1000.2532,NA,NA,NA
WindowsTerminal.exe,31340,0x20E7DA60E70,DXGI,1,0,0,Hardware Composed: Independent Flip,1048.6348,NA,0.60070000000000,6.90520000000000,0.22480000000000,1.80900000000000,10.0808,1048.5900,0.2696,0.0448,0.2248,1.2812,0.5726,0.5614,0.0112,41.4316,1048.5900,NA,NA,NA
WindowsTerminal.exe,31340,0x20E7DA60E70,DXGI,1,0,0,Hardware Composed: Independent Flip,1092.4971,NA,43.86230000000000,41.67930000000000,0.52760000000000,2.31660000000000,7.8978,1048.8596,44.1651,43.6375,0.5276,43.8370,2.1171,2.1171,0.0000,-41.4097,1048.8596,NA,NA,NA
dwm.exe,2032,0x0,Other,-1,0,0,Hardware: Legacy Flip,1025.4375,NA,95.05730000000000,90.24370000000000,0.00000000000000,4.23960000000000,5.4840,930.3802,95.0573,95.0573,0.0000,3.4898,95.8071,5.0086,90.7985,92.0996,930.3802,NA,NA,NA
WindowsTerminal.exe,32984,0x193699B3820,DXGI,1,0,0,Composed: Flip,573.2238,NA,548.17259999999999,548.66309999999999,0.27930000000000,1.39720000000000,13.2917,25.2784,548.2247,547.9454,0.2793,547.7930,1.5496,1.5370,0.0126,NA,25.2784,NA,NA,NA
dwm.exe,2032,0x0,Other,-1,0,0,Hardware: Legacy Flip,1117.3821,NA,91.94459999999999,90.30200000000001,0.00000000000000,2.28260000000000,3.8414,1025.4375,91.9446,91.9446,0.0000,4.2396,89.9876,2.9063,87.0813,4.7553,1025.4375,NA,NA,NA
dwm.exe,2032,0x0,Other,-1,0,0,Hardware: Legacy Flip,1124.6441,NA,7.26200000000000,6.92910000000000,0.00000000000000,0.80500000000000,3.5085,1117.3821,7.2620,7.2620,0.0000,2.2826,5.7844,2.1229,3.6615,85.0155,1117.3821,NA,NA,NA
dwm.exe,2032,0x0,Other,-1,0,0,Hardware: Legacy Flip,1131.8602,NA,7.21610000000000,6.94810000000000,0.00000000000000,0.87700000000000,3.2405,1124.6441,7.2161,7.2161,0.0000,0.8050,7.2881,1.5991,5.6890,0.3139,1124.6441,NA,NA,NA
WindowsTerminal.exe,31340,0x20E7DA60E70,DXGI,1,0,0,Hardware Composed: Independent Flip,1093.0684,NA,0.57130000000000,6.94400000000000,0.23770000000000,2.38290000000000,14.2705,1093.0247,0.2814,0.0437,0.2377,1.7890,0.6376,0.6291,0.0085,37.2211,1093.0247,NA,NA,NA
WindowsTerminal.exe,31340,0x20E7DA60E70,DXGI,1,0,0,Hardware Composed: Independent Flip,1140.2258,NA,47.15740000000000,34.74340000000000,0.38600000000000,1.54170000000000,1.8565,1093.3061,47.3057,46.9197,0.3860,25.8925,22.5689,3.9521,18.6168,-34.4620,1093.3061,NA,NA,NA
WindowsTerminal.exe,31340,0x20E7DA60E70,DXGI,1,0,0,Hardware Composed: Independent Flip,1140.6544,NA,0.42860000000000,6.94360000000000,0.23520000000000,1.78650000000000,8.3715,1140.6118,0.2778,0.0426,0.2352,1.1557,0.6734,0.6604,0.0130,40.3621,1140.6118,NA,NA,NA
WindowsTerminal.exe,31340,0x20E7DA60E70,DXGI,1,0,0,Hardware Composed: Independent Flip,1183.9632,NA,43.30880000000000,41.70580000000000,0.30760000000000,1.47510000000000,6.7685,1140.8896,43.3812,43.0736,0.3076,1.5513,42.9974,2.1622,40.8352,-41.4280,1140.8896,NA,NA,NA
WindowsTerminal.exe,31340,0x20E7DA60E70,DXGI,1,0,0,Hardware Composed: Independent Flip,1184.3212,NA,0.35800000000000,6.90890000000000,0.23560000000000,1.78330000000000,13.3194,1184.2708,0.2860,0.0504,0.2356,1.1675,0.6662,0.6550,0.0112,36.4723,1184.2708,NA,NA,NA
WindowsTerminal.exe,31340,0x20E7DA60E70,DXGI,1,0,0,Hardware Composed: Independent Flip,1232.3043,NA,47.98310000000000,41.64220000000000,0.29270000000000,1.71220000000000,6.9785,1184.5568,48.0402,47.7475,0.2927,39.9587,9.5010,2.3658,7.1352,-41.3562,1184.5568,NA,NA,NA
dwm.exe,2032,0x0,Other,-1,0,0,Hardware: Legacy Flip,1137.9136,NA,6.05340000000000,6.98010000000000,0.00000000000000,0.59830000000000,4.1672,1131.8602,6.0534,6.0534,0.0000,0.8770,5.7747,1.4159,4.3588,0.2360,1131.8602,NA,NA,NA
WindowsTerminal.exe,31340,0x20E7DA60E70,DXGI,1,0,0,Hardware Composed: Independent Flip,1232.6377,NA,0.33340000000000,6.94740000000000,0.18740000000000,2.03210000000000,13.5925,1232.5970,0.2281,0.0407,0.1874,1.4195,0.6533,0.6401,0.0132,41.0928,1232.5970,NA,NA,NA
WindowsTerminal.exe,31340,0x20E7DA60E70,DXGI,1,0,0,Hardware Composed: Independent Flip,1280.8865,NA,48.24880000000000,41.69320000000000,0.39070000000000,1.75180000000000,7.0369,1232.8251,48.4521,48.0614,0.3907,48.2746,1.5386,1.5386,0.0000,-41.4651,1232.8251,NA,NA,NA
dwm.exe,2032,0x0,Other,-1,0,0,Hardware: Legacy Flip,1282.5572,NA,144.64359999999999,145.84110000000001,0.00000000000000,1.12380000000000,5.3647,1137.9136,144.6436,144.6436,0.0000,0.5983,145.1691,1.7856,143.3835,-139.7877,1137.9136,NA,NA,NA
WindowsTerminal.exe,31340,0x20E7DA60E70,DXGI,1,0,0,Hardware Composed: Independent Flip,1281.3447,NA,0.45820000000000,6.91580000000000,0.24590000000000,3.79700000000000,13.4945,1281.2772,0.3134,0.0675,0.2459,1.3611,2.5034,2.4924,0.0110,41.5363,1281.2772,NA,NA,NA
WindowsTerminal.exe,31340,0x20E7DA60E70,DXGI,1,0,0,Hardware Composed: Independent Flip,1326.6805,NA,45.33580000000000,34.72720000000000,0.47500000000000,1.74980000000000,2.8859,1281.5906,45.5649,45.0899,0.4750,45.2470,1.5927,1.5927,0.0000,-34.4138,1281.5906,NA,NA,NA
WindowsTerminal.exe,31340,0x20E7DA60E70,DXGI,1,0,0,Hardware Composed: Independent Flip,1327.1984,NA,0.51790000000000,6.94460000000000,0.31830000000000,1.78450000000000,9.3126,1327.1555,0.3612,0.0429,0.3183,1.2748,0.5526,0.5404,0.0122,38.6203,1327.1555,NA,NA,NA
WindowsTerminal.exe,31340,0x20E7DA60E70,DXGI,1,0,0,Hardware Composed: Independent Flip,1373.2964,NA,46.09800000000000,41.80270000000000,0.50590000000000,1.72660000000000,5.0173,1327.5167,46.2856,45.7797,0.5059,45.9658,1.5405,1.5405,0.0000,-41.4415,1327.5167,NA,NA,NA
dwm.exe,2032,0x0,Other,-1,0,0,Hardware: Legacy Flip,1310.3465,NA,27.78930000000000,27.88880000000000,0.00000000000000,0.65430000000000,5.4642,1282.5572,27.7893,27.7893,0.0000,1.1238,27.3198,1.5091,25.8107,116.7548,1282.5572,NA,NA,NA
dwm.exe,2032,0x0,Other,-1,0,0,Hardware: Legacy Flip,1401.4153,NA,91.06880000000000,90.14460000000000,0.00000000000000,2.31290000000000,4.5400,1310.3465,91.0688,91.0688,0.0000,0.6543,92.7274,3.0976,89.6298,-62.3553,1310.3465,NA,NA,NA
dwm.exe,2032,0x0,Other,-1,0,0,Hardware: Legacy Flip,1409.5338,NA,8.11850000000000,NA,0.00000000000000,0.00000000000000,NA,1401.4153,8.1185,8.1185,0.0000,0.0000,0.0000,0.0000,0.0000,NA,NA,NA,NA,NA
WindowsTerminal.exe,31340,0x20E7DA60E70,DXGI,1,0,0,Hardware Composed: Independent Flip,1373.8441,NA,0.54770000000000,6.82000000000000,0.32480000000000,1.76770000000000,11.2896,1373.8023,0.3666,0.0418,0.3248,1.2207,0.5888,0.5778,0.0110,39.4656,1373.8023,NA,NA,NA
WindowsTerminal.exe,31340,0x20E7DA60E70,DXGI,1,0,0,Composed: Flip,1420.2155,NA,46.37140000000000,NA,0.29250000000000,1.20880000000000,NA,1374.1689,46.3391,46.0466,0.2925,46.1800,1.0754,1.0754,0.0000,NA,NA,NA,NA,NA
dwm.exe,2032,0x0,Other,-1,0,0,Hardware: Legacy Flip,1423.0880,NA,13.55420000000000,27.76180000000000,0.00000000000000,3.55180000000000,10.6291,1409.5338,13.5542,13.5542,0.0000,3.5244,13.5816,4.7347,8.8469,71.4255,1409.5338,NA,NA,NA
dwm.exe,2032,0x0,Other,-1,0,0,Hardware: Legacy Flip,1435.8991,NA,12.81110000000000,6.93710000000000,0.00000000000000,2.43970000000000,4.7551,1423.0880,12.8111,12.8111,0.0000,3.5518,11.6990,3.1306,8.5684,6.6171,1423.0880,NA,NA,NA
NVIDIA Overlay.exe,3556,0x2383AD26A40,DXGI,0,0,0,Composed: Copy with GPU GDI,921.4129,NA,516.52400000000000,520.83630000000005,0.11440000000000,1.66660000000000,19.2649,405.0084,516.5189,516.4045,0.1144,2.1782,515.8929,1.3389,514.5540,NA,405.0084,NA,NA,NA
dwm.exe,2032,0x0,Other,-1,0,0,Hardware: Legacy Flip,1442.8348,NA,6.93570000000000,6.93610000000000,0.00000000000000,3.07970000000000,4.7555,1435.8991,6.9357,6.9357,0.0000,2.4397,7.5757,3.7695,3.8062,5.8750,1435.8991,NA,NA,NA
dwm.exe,2032,0x0,Other,-1,0,0,Hardware: Legacy Flip,1450.1064,NA,7.27160000000000,6.95980000000000,0.00000000000000,3.36670000000000,4.4437,1442.8348,7.2716,7.2716,0.0000,3.0797,7.5586,4.2154,3.3432,-0.0241,1442.8348,NA,NA,NA
dwm.exe,2032,0x0,Other,-1,0,0,Hardware: Legacy Flip,1456.2495,NA,6.14310000000000,6.92670000000000,0.00000000000000,1.97560000000000,5.2273,1450.1064,6.1431,6.1431,0.0000,3.3667,4.7520,2.7565,1.9955,0.3449,1450.1064,NA,NA,NA
WindowsTerminal.exe,31340,0x20E7DA60E70,DXGI,1,0,0,Composed: Flip,1420.5835,NA,0.36800000000000,55.52050000000000,0.19060000000000,8.91620000000000,20.0707,1420.5080,0.2661,0.0755,0.1906,0.9163,8.0754,8.0689,0.0065,-8.8148,1420.5080,NA,NA,NA
dwm.exe,2032,0x0,Other,-1,0,0,Hardware: Legacy Flip,1463.4582,NA,7.20870000000000,6.93970000000000,0.00000000000000,1.96320000000000,4.9583,1456.2495,7.2087,7.2087,0.0000,1.9756,7.1963,2.8134,4.3829,-0.7966,1456.2495,NA,NA,NA
WindowsTerminal.exe,31340,0x20E7DA60E70,DXGI,1,0,0,Composed: Flip,1465.0424,NA,44.45890000000000,34.72470000000000,0.23590000000000,1.93340000000000,10.3365,1420.7741,44.5042,44.2683,0.2359,9.9217,36.2800,3.4427,32.8373,-34.4586,1420.7741,NA,NA,NA
dwm.exe,2032,0x0,Other,-1,0,0,Hardware: Legacy Flip,1470.1519,NA,6.69370000000000,6.96240000000000,0.00000000000000,0.56800000000000,5.2270,1463.4582,6.6937,6.6937,0.0000,1.9632,5.2985,1.4202,3.8783,0.2463,1463.4582,NA,NA,NA
dwm.exe,2032,0x0,Other,-1,0,0,Hardware: Legacy Flip,1477.5206,NA,7.36870000000000,6.93830000000000,0.00000000000000,0.55000000000000,4.7966,1470.1519,7.3687,7.3687,0.0000,0.5680,7.3507,1.4404,5.9103,-0.2446,1470.1519,NA,NA,NA
dwm.exe,2032,0x0,Other,-1,0,0,Hardware: Legacy Flip,1484.3730,NA,6.85240000000000,6.95970000000000,0.00000000000000,0.37970000000000,4.9039,1477.5206,6.8524,6.8524,0.0000,0.5500,6.6821,1.1440,5.5381,0.4090,1477.5206,NA,NA,NA
dwm.exe,2032,0x0,Other,-1,0,0,Hardware: Legacy Flip,1491.3209,NA,6.94790000000000,6.95190000000000,0.00000000000000,0.40510000000000,4.9079,1484.3730,6.9479,6.9479,0.0000,0.3797,6.9733,1.1336,5.8397,-0.0995,1484.3730,NA,NA,NA
dwm.exe,2032,0x0,Other,-1,0,0,Hardware: Legacy Flip,1498.3184,NA,6.99750000000000,6.92220000000000,0.00000000000000,0.48570000000000,4.8326,1491.3209,6.9975,6.9975,0.0000,0.4051,7.0781,1.4078,5.6703,0.0257,1491.3209,NA,NA,NA
dwm.exe,2032,0x0,Other,-1,0,0,Hardware: Legacy Flip,1504.8599,NA,6.54150000000000,6.95360000000000,0.00000000000000,0.51400000000000,5.2447,1498.3184,6.5415,6.5415,0.0000,0.4857,6.5698,1.1776,5.3922,0.0439,1498.3184,NA,NA,NA
WindowsTerminal.exe,31340,0x20E7DA60E70,DXGI,1,0,0,Composed: Flip,1465.3405,NA,0.29810000000000,6.93830000000000,0.17240000000000,2.31310000000000,16.9767,1465.2783,0.2346,0.0622,0.1724,1.6975,0.6778,0.6650,0.0128,37.5659,1465.2783,NA,NA,NA
dwm.exe,2032,0x0,Other,-1,0,0,Hardware: Legacy Flip,1511.9751,NA,7.11520000000000,6.94200000000000,0.00000000000000,0.55930000000000,5.0715,1504.8599,7.1152,7.1152,0.0000,0.5140,7.1605,1.4617,5.6988,-0.4005,1504.8599,NA,NA,NA
WindowsTerminal.exe,31340,0x20E7DA60E70,DXGI,1,0,0,Composed: Flip,1511.6277,NA,46.28720000000000,41.66150000000000,0.31320000000000,2.43780000000000,12.3510,1465.5129,46.4280,46.1148,0.3132,46.0355,2.5171,2.5171,0.0000,-41.4269,1465.5129,NA,NA,NA
dwm.exe,2032,0x0,Other,-1,0,0,Hardware: Legacy Flip,1519.0958,NA,7.12070000000000,6.93210000000000,0.00000000000000,0.56970000000000,4.8829,1511.9751,7.1207,7.1207,0.0000,0.5593,7.1311,1.5138,5.6173,0.1831,1511.9751,NA,NA,NA
dwm.exe,2032,0x0,Other,-1,0,0,Hardware: Legacy Flip,1525.5837,NA,6.48790000000000,6.93970000000000,0.00000000000000,0.45050000000000,5.3347,1519.0958,6.4879,6.4879,0.0000,0.5697,6.3687,1.0833,5.2854,0.1810,1519.0958,NA,NA,NA
dwm.exe,2032,0x0,Other,-1,0,0,Hardware: Legacy Flip,1532.6100,NA,7.02630000000000,6.95310000000000,0.00000000000000,0.57290000000000,5.2615,1525.5837,7.0263,7.0263,0.0000,0.4505,7.1487,1.4650,5.6837,-0.4652,1525.5837,NA,NA,NA
dwm.exe,2032,0x0,Other,-1,0,0,Hardware: Legacy Flip,1539.5793,NA,6.96930000000000,6.96960000000000,0.00000000000000,0.45280000000000,5.2618,1532.6100,6.9693,6.9693,0.0000,0.5729,6.8492,1.1134,5.7358,0.0567,1532.6100,NA,NA,NA
dwm.exe,2032,0x0,Other,-1,0,0,Hardware: Legacy Flip,1546.8715,NA,7.29220000000000,6.92880000000000,0.00000000000000,1.08680000000000,4.8984,1539.5793,7.2922,7.2922,0.0000,0.4528,7.9262,1.7631,6.1631,0.0405,1539.5793,NA,NA,NA
WindowsTerminal.exe,31340,0x20E7DA60E70,DXGI,1,0,0,Composed: Flip,1512.0043,NA,0.37660000000000,6.93970000000000,0.15620000000000,2.74310000000000,18.9141,1511.9409,0.2196,0.0634,0.1562,2.1246,0.6819,0.6700,0.0119,39.4883,1511.9409,NA,NA,NA
dwm.exe,2032,0x0,Other,-1,0,0,Hardware: Legacy Flip,1553.8882,NA,7.01670000000000,6.95240000000000,0.00000000000000,0.50840000000000,4.8341,1546.8715,7.0167,7.0167,0.0000,1.0868,6.4383,1.4367,5.0016,0.3398,1546.8715,NA,NA,NA
WindowsTerminal.exe,31340,0x20E7DA60E70,DXGI,1,0,0,Composed: Flip,1553.9614,NA,41.95710000000000,34.74450000000000,0.33790000000000,1.98840000000000,11.7015,1512.1605,42.1388,41.8009,0.3379,34.4125,9.3768,2.9016,6.4752,-34.5249,1512.1605,NA,NA,NA
dwm.exe,2032,0x0,Other,-1,0,0,Hardware: Legacy Flip,1560.6099,NA,6.72170000000000,6.94060000000000,0.00000000000000,0.42760000000000,5.0530,1553.8882,6.7217,6.7217,0.0000,0.5084,6.6409,1.1400,5.5009,0.0761,1553.8882,NA,NA,NA
dwm.exe,2032,0x0,Other,-1,0,0,Hardware: Legacy Flip,1567.2790,NA,6.66910000000000,6.94960000000000,0.00000000000000,0.47530000000000,5.3335,1560.6099,6.6691,6.6691,0.0000,0.4276,6.7168,1.1422,5.5746,-0.2279,1560.6099,NA,NA,NA
dwm.exe,2032,0x0,Other,-1,0,0,Hardware: Legacy Flip,1574.1891,NA,6.91010000000000,6.93990000000000,0.00000000000000,0.46350000000000,5.3633,1567.2790,6.9101,6.9101,0.0000,0.4753,6.8983,1.1207,5.7776,-0.2708,1567.2790,NA,NA,NA
dwm.exe,2032,0x0,Other,-1,0,0,Hardware: Legacy Flip,1581.0435,NA,6.85440000000000,6.94210000000000,0.00000000000000,0.40500000000000,5.4510,1574.1891,6.8544,6.8544,0.0000,0.4635,6.7959,1.0656,5.7303,-0.0320,1574.1891,NA,NA,NA
dwm.exe,2032,0x0,Other,-1,0,0,Hardware: Legacy Flip,1588.0818,NA,7.03830000000000,6.93070000000000,0.00000000000000,0.50930000000000,5.3434,1581.0435,7.0383,7.0383,0.0000,0.4050,7.1426,1.2030,5.9396,-0.0763,1581.0435,NA,NA,NA
WindowsTerminal.exe,31340,0x20E7DA60E70,DXGI,1,0,0,Composed: Flip,1554.3703,NA,0.40890000000000,6.94960000000000,0.29000000000000,2.27140000000000,18.2422,1554.2993,0.3610,0.0710,0.2900,1.6505,0.6919,0.6735,0.0184,35.1892,1554.2993,NA,NA,NA
dwm.exe,2032,0x0,Other,-1,0,0,Hardware: Legacy Flip,1595.2801,NA,7.19830000000000,6.96360000000000,0.00000000000000,1.11750000000000,5.1087,1588.0818,7.1983,7.1983,0.0000,0.5093,7.8065,1.8290,5.9775,0.0747,1588.0818,NA,NA,NA
WindowsTerminal.exe,31340,0x20E7DA60E70,DXGI,1,0,0,Composed: Flip,1593.1914,NA,38.82110000000000,34.70460000000000,0.31990000000000,1.30560000000000,14.1257,1554.6603,38.8510,38.5311,0.3199,38.4432,1.3935,1.3935,0.0000,-34.3436,1554.6603,NA,NA,NA
msedge.exe,16480,0x16BCC293200,DXGI,0,0,0,Composed: Flip,1603.9336,NA,183.95970000000000,NA,0.11530000000000,1.99140000000000,NA,1420.1165,183.9324,183.8171,0.1153,184.8881,0.9204,0.9088,0.0116,NA,NA,NA,NA,NA
dwm.exe,2032,0x0,Other,-1,0,0,Hardware: Legacy Flip,1602.3599,NA,7.07980000000000,6.92830000000000,0.00000000000000,0.64300000000000,4.9572,1595.2801,7.0798,7.0798,0.0000,1.1175,6.6053,1.3447,5.2606,0.2700,1595.2801,NA,NA,NA
msedge.exe,16480,0x16BCC293200,DXGI,0,0,0,Composed: Flip,1593.7793,NA,0.00000000000000,NA,0.15060000000000,8.34390000000000,NA,1604.0489,0.1506,0.0000,0.1506,0.0000,6.1755,6.1755,0.0000,NA,NA,NA,NA,NA
msedge.exe,16480,0x16BCC293200,DXGI,0,0,0,Composed: Flip,1596.2652,NA,2.48590000000000,NA,0.15520000000000,8.73940000000000,NA,1593.9299,2.4905,2.3353,0.1552,8.1933,2.8814,2.8814,0.0000,NA,NA,NA,NA,NA
dwm.exe,2032,0x0,Other,-1,0,0,Hardware: Legacy Flip,1609.3110,NA,6.95110000000000,6.95350000000000,0.00000000000000,0.39120000000000,4.9596,1602.3599,6.9511,6.9511,0.0000,0.6430,6.6993,1.0934,5.6059,0.1263,1602.3599,NA,NA,NA
msedge.exe,16480,0x16BCC293200,DXGI,0,0,0,Composed: Flip,1610.3720,NA,14.10680000000000,173.62150000000000,0.15660000000000,2.25870000000000,10.8398,1596.4204,14.1082,13.9516,0.1566,14.3097,1.9006,1.8868,0.0138,NA,1596.4204,NA,NA,NA
dwm.exe,2032,0x0,Other,-1,0,0,Hardware: Legacy Flip,1616.1785,NA,6.86750000000000,6.94120000000000,0.00000000000000,0.49030000000000,5.0333,1609.3110,6.8675,6.8675,0.0000,0.3912,6.9666,1.1769,5.7897,0.0099,1609.3110,NA,NA,NA
msedge.exe,16480,0x16BCC293200,DXGI,0,0,0,Composed: Flip,1616.4195,NA,6.04750000000000,6.95550000000000,0.12840000000000,2.22090000000000,11.7478,1610.5286,6.0193,5.8909,0.1284,5.7377,2.3741,2.3620,0.0121,7.1527,1610.5286,NA,NA,NA
dwm.exe,2032,0x0,Other,-1,0,0,Hardware: Legacy Flip,1623.0900,NA,6.91150000000000,6.95550000000000,0.00000000000000,0.93860000000000,5.0773,1616.1785,6.9115,6.9115,0.0000,0.4903,7.3598,1.6473,5.7125,-0.0880,1616.1785,NA,NA,NA
msedge.exe,16480,0x16BCC293200,DXGI,0,0,0,Composed: Flip,1622.3362,NA,5.91670000000000,6.98060000000000,0.13740000000000,1.16750000000000,12.8117,1616.5479,5.9257,5.7883,0.1374,6.0941,0.8617,0.8578,0.0039,-0.9613,1616.5479,NA,NA,NA
dwm.exe,2032,0x0,Other,-1,0,0,Hardware: Legacy Flip,1630.6679,NA,7.57790000000000,6.98060000000000,0.00000000000000,0.96800000000000,4.4800,1623.0900,7.5779,7.5779,0.0000,0.9386,7.6073,1.6541,5.9532,-0.0691,1623.0900,NA,NA,NA
WindowsTerminal.exe,31340,0x20E7DA60E70,DXGI,1,0,0,Composed: Flip,1593.6131,NA,0.42170000000000,6.95350000000000,0.29940000000000,5.23600000000000,20.6575,1593.5113,0.4012,0.1018,0.2994,0.9857,4.3521,4.3468,0.0053,31.8975,1593.5113,NA,NA,NA
dwm.exe,2032,0x0,Other,-1,0,0,Hardware: Legacy Flip,1637.7385,NA,7.07060000000000,6.88960000000000,0.00000000000000,0.89460000000000,4.2990,1630.6679,7.0706,7.0706,0.0000,0.9680,6.9972,1.5458,5.4514,0.6883,1630.6679,NA,NA,NA
WindowsTerminal.exe,31340,0x20E7DA60E70,DXGI,1,0,0,Composed: Flip,1637.4485,NA,43.83540000000000,34.71660000000000,0.29320000000000,2.77080000000000,11.5387,1593.9125,43.8292,43.5360,0.2932,35.9021,10.4047,4.0741,6.3306,-34.3154,1593.9125,NA,NA,NA
dwm.exe,2032,0x0,Other,-1,0,0,Hardware: Legacy Flip,1644.8456,NA,7.10710000000000,6.94970000000000,0.00000000000000,1.13110000000000,4.1416,1637.7385,7.1071,7.1071,0.0000,0.8946,7.3436,1.8608,5.4828,0.1209,1637.7385,NA,NA,NA
dwm.exe,2032,0x0,Other,-1,0,0,Hardware: Legacy Flip,1651.7500,NA,6.90440000000000,6.96150000000000,0.00000000000000,0.57960000000000,4.1987,1644.8456,6.9044,6.9044,0.0000,1.1311,6.3529,1.4578,4.8951,0.1456,1644.8456,NA,NA,NA
dwm.exe,2032,0x0,Other,-1,0,0,Hardware: Legacy Flip,1658.5522,NA,6.80220000000000,6.92090000000000,0.00000000000000,0.55880000000000,4.3174,1651.7500,6.8022,6.8022,0.0000,0.5796,6.7814,1.4699,5.3115,-0.0165,1651.7500,NA,NA,NA
dwm.exe,2032,0x0,Other,-1,0,0,Hardware: Legacy Flip,1665.4891,NA,6.93690000000000,6.94550000000000,0.00000000000000,0.58470000000000,4.3260,1658.5522,6.9369,6.9369,0.0000,0.5588,6.9628,1.4353,5.5275,-0.1433,1658.5522,NA,NA,NA
dwm.exe,2032,0x0,Other,-1,0,0,Hardware: Legacy Flip,1672.5273,NA,7.03820000000000,6.94670000000000,0.00000000000000,0.49520000000000,4.2345,1665.4891,7.0382,7.0382,0.0000,0.5847,6.9487,1.4011,5.5476,-0.0098,1665.4891,NA,NA,NA
WindowsTerminal.exe,31340,0x20E7DA60E70,DXGI,1,0,0,Composed: Flip,1637.8172,NA,0.36870000000000,6.96150000000000,0.26370000000000,3.07610000000000,18.1315,1637.7417,0.3392,0.0755,0.2637,2.4776,0.6740,0.6613,0.0127,36.8677,1637.7417,NA,NA,NA
dwm.exe,2032,0x0,Other,-1,0,0,Hardware: Legacy Flip,1679.0704,NA,6.54310000000000,6.96720000000000,0.00000000000000,0.52970000000000,4.6586,1672.5273,6.5431,6.5431,0.0000,0.4952,6.5776,1.1912,5.3864,0.0710,1672.5273,NA,NA,NA
WindowsTerminal.exe,31340,0x20E7DA60E70,DXGI,1,0,0,Composed: Flip,1679.7629,NA,41.94570000000000,34.71050000000000,0.28750000000000,1.34400000000000,10.8963,1638.0809,41.9695,41.6820,0.2875,5.3644,37.6616,2.1430,35.5186,-34.3713,1638.0809,NA,NA,NA
dwm.exe,2032,0x0,Other,-1,0,0,Hardware: Legacy Flip,1686.1481,NA,7.07770000000000,6.93020000000000,0.00000000000000,0.46280000000000,4.5111,1679.0704,7.0777,7.0777,0.0000,0.5297,7.0108,1.0756,5.9352,-0.3871,1679.0704,NA,NA,NA
dwm.exe,2032,0x0,Other,-1,0,0,Hardware: Legacy Flip,1693.0501,NA,6.90200000000000,6.92170000000000,0.00000000000000,0.41910000000000,4.5308,1686.1481,6.9020,6.9020,0.0000,0.4628,6.8583,1.0921,5.7662,0.1560,1686.1481,NA,NA,NA
dwm.exe,2032,0x0,Other,-1,0,0,Hardware: Legacy Flip,1699.9675,NA,6.91740000000000,6.96190000000000,0.00000000000000,0.75320000000000,4.5753,1693.0501,6.9174,6.9174,0.0000,0.4191,7.2515,1.4754,5.7761,-0.0599,1693.0501,NA,NA,NA
dwm.exe,2032,0x0,Other,-1,0,0,Hardware: Legacy Flip,1706.7914,NA,6.82390000000000,6.95240000000000,0.00000000000000,0.43600000000000,4.7038,1699.9675,6.8239,6.8239,0.0000,0.7532,6.5067,0.9774,5.5293,-0.0350,1699.9675,NA,NA,NA
dwm.exe,2032,0x0,Other,-1,0,0,Hardware: Legacy Flip,1713.8431,NA,7.05170000000000,6.95480000000000,0.00000000000000,0.57780000000000,4.6069,1706.7914,7.0517,7.0517,0.0000,0.4360,7.1935,1.2498,5.9437,-0.1309,1706.7914,NA,NA,NA
WindowsTerminal.exe,31340,0x20E7DA60E70,DXGI,1,0,0,Composed: Flip,1680.1728,NA,0.40990000000000,6.92170000000000,0.16410000000000,1.60120000000000,17.4081,1680.0504,0.2865,0.1224,0.1641,1.0565,0.6671,0.6534,0.0137,35.0478,1680.0504,NA,NA,NA
dwm.exe,2032,0x0,Other,-1,0,0,Hardware: Legacy Flip,1720.7560,NA,6.91290000000000,6.92460000000000,0.00000000000000,1.02090000000000,4.6186,1713.8431,6.9129,6.9129,0.0000,0.5778,7.3560,1.6351,5.7209,0.1271,1713.8431,NA,NA,NA
WindowsTerminal.exe,31340,0x20E7DA60E70,DXGI,1,0,0,Composed: Flip,1719.5528,NA,39.38000000000000,34.74750000000000,0.26700000000000,1.23000000000000,12.7756,1680.3369,39.4829,39.2159,0.2670,11.4012,29.0447,2.0404,27.0043,-34.4610,1680.3369,NA,NA,NA
dwm.exe,2032,0x0,Other,-1,0,0,Hardware: Legacy Flip,1727.5920,NA,6.83600000000000,6.95380000000000,0.00000000000000,0.47880000000000,4.7364,1720.7560,6.8360,6.8360,0.0000,1.0209,6.2939,1.1727,5.1212,-0.0409,1720.7560,NA,NA,NA
dwm.exe,2032,0x0,Other,-1,0,0,Hardware: Legacy Flip,1734.7056,NA,7.11360000000000,6.93570000000000,0.00000000000000,0.44900000000000,4.5585,1727.5920,7.1136,7.1136,0.0000,0.4788,7.0838,1.1184,5.9654,-0.0997,1727.5920,NA,NA,NA
dwm.exe,2032,0x0,Other,-1,0,0,Hardware: Legacy Flip,1741.6467,NA,6.94110000000000,6.95250000000000,0.00000000000000,0.57590000000000,4.5699,1734.7056,6.9411,6.9411,0.0000,0.4490,7.0680,1.2419,5.8261,0.1611,1734.7056,NA,NA,NA
dwm.exe,2032,0x0,Other,-1,0,0,Hardware: Legacy Flip,1748.4023,NA,6.75560000000000,6.94380000000000,0.00000000000000,0.42130000000000,4.7581,1741.6467,6.7556,6.7556,0.0000,0.5759,6.6010,1.1082,5.4928,-0.0027,1741.6467,NA,NA,NA
WindowsTerminal.exe,31340,0x20E7DA60E70,DXGI,1,0,0,Composed: Flip,1719.8859,NA,0.33310000000000,6.93570000000000,0.27150000000000,3.44070000000000,19.3782,1719.8198,0.3376,0.0661,0.2715,0.9630,2.5438,2.5270,0.0168,32.5472,1719.8198,NA,NA,NA
WindowsTerminal.exe,31340,0x20E7DA60E70,DXGI,1,0,0,Composed: Flip,1759.9670,NA,40.08110000000000,NA,0.27480000000000,1.47790000000000,NA,1720.1574,40.0844,39.8096,0.2748,34.9703,6.3172,2.2473,4.0699,NA,NA,NA,NA,NA
WindowsTerminal.exe,31340,0x20E7DA60E70,DXGI,1,0,0,Composed: Flip,1760.3170,NA,0.35000000000000,NA,0.28810000000000,2.04920000000000,NA,1760.2418,0.3633,0.0752,0.2881,1.2031,0.9213,0.9080,0.0133,NA,NA,NA,NA,NA
WindowsTerminal.exe,31340,0x20E7DA60E70,DXGI,1,0,0,Composed: Flip,1801.6997,NA,41.38270000000000,NA,0.35330000000000,1.42810000000000,NA,1760.6051,41.4479,41.0946,0.3533,40.9891,1.5336,1.5336,0.0000,NA,NA,NA,NA,NA
WindowsTerminal.exe,31340,0x20E7DA60E70,DXGI,1,0,0,Composed: Flip,1802.1244,NA,0.42470000000000,NA,0.19680000000000,1.91070000000000,NA,1802.0530,0.2682,0.0714,0.1968,1.0748,0.9073,0.8977,0.0096,NA,NA,NA,NA,NA
WindowsTerminal.exe,31340,0x20E7DA60E70,DXGI,1,0,0,Composed: Flip,1852.9890,NA,50.86460000000000,NA,0.36540000000000,1.39120000000000,NA,1802.3212,51.0332,50.6678,0.3654,43.6218,8.4372,2.5079,5.9293,NA,NA,NA,NA,NA
dwm.exe,2032,0x0,Other,-1,0,0,Hardware: Legacy Flip,1755.4914,NA,7.08910000000000,6.95060000000000,0.00000000000000,0.87580000000000,4.6196,1748.4023,7.0891,7.0891,0.0000,0.4213,7.5436,1.5355,6.0081,-0.1950,1748.4023,NA,NA,NA
NVIDIA Overlay.exe,3556,0x2383AD26A40,DXGI,0,0,0,Composed: Copy with GPU GDI,1441.3014,NA,519.88850000000002,513.87230000000000,0.11500000000000,5.63560000000000,13.2487,921.5273,519.8891,519.7741,0.1150,1.5655,523.8442,5.2800,518.5642,2.6466,921.5273,NA,NA,NA
WindowsTerminal.exe,31340,0x20E7DA60E70,DXGI,1,0,0,Composed: Flip,1853.4271,NA,0.43810000000000,138.90199999999999,0.29950000000000,1.61800000000000,24.7390,1853.3544,0.3722,0.0727,0.2995,1.0258,0.6649,0.6513,0.0136,-5.3674,1853.3544,NA,NA,NA
WindowsTerminal.exe,31340,0x20E7DA60E70,DXGI,1,0,0,Composed: Flip,1894.0264,NA,40.59930000000000,NA,0.35350000000000,1.12770000000000,NA,1853.7266,40.6533,40.2998,0.3535,40.2076,1.2199,1.2199,0.0000,NA,NA,NA,NA,NA
WindowsTerminal.exe,31340,0x20E7DA60E70,DXGI,1,0,0,Composed: Flip,1894.4539,NA,0.42750000000000,NA,0.25410000000000,1.38640000000000,NA,1894.3799,0.3281,0.0740,0.2541,0.7742,0.6862,0.6775,0.0087,NA,NA,NA,NA,NA
WindowsTerminal.exe,31340,0x20E7DA60E70,DXGI,1,0,0,Composed: Flip,1933.2826,NA,38.82870000000000,NA,0.31120000000000,1.71260000000000,NA,1894.7080,38.8858,38.5746,0.3112,38.4691,1.8181,1.8181,0.0000,NA,NA,NA,NA,NA
dwm.exe,2032,0x0,Other,-1,0,0,Hardware: Legacy Flip,1872.8201,NA,117.32870000000000,118.05510000000000,0.00000000000000,0.60390000000000,5.3460,1755.4914,117.3287,117.3287,0.0000,0.8758,117.0568,1.3298,115.7270,-110.9660,1755.4914,NA,NA,NA
WindowsTerminal.exe,31340,0x20E7DA60E70,DXGI,1,0,0,Composed: Flip,1933.6737,NA,0.39110000000000,90.27320000000000,0.27010000000000,2.25690000000000,34.7656,1933.5938,0.3500,0.0799,0.2701,1.4014,0.9354,0.9255,0.0099,-10.0338,1933.5938,NA,NA,NA
WindowsTerminal.exe,31340,0x20E7DA60E70,DXGI,1,0,0,Composed: Flip,1979.4909,NA,45.81720000000000,NA,0.37990000000000,1.39730000000000,NA,1933.9438,45.9270,45.5471,0.3799,45.4423,1.5021,1.5021,0.0000,NA,NA,NA,NA,NA
WindowsTerminal.exe,31340,0x20E7DA60E70,DXGI,1,0,0,Composed: Flip,1979.9505,NA,0.45960000000000,NA,0.23310000000000,1.61810000000000,NA,1979.8708,0.3128,0.0797,0.2331,1.0174,0.6804,0.6602,0.0202,NA,NA,NA,NA,NA
WindowsTerminal.exe,31340,0x20E7DA60E70,DXGI,1,0,0,Composed: Flip,2019.0994,NA,39.14890000000000,NA,0.28140000000000,1.10560000000000,NA,1980.1836,39.1972,38.9158,0.2814,38.8207,1.2007,1.2007,0.0000,NA,NA,NA,NA,NA
WindowsTerminal.exe,31340,0x20E7DA60E70,DXGI,1,0,0,Composed: Flip,2019.4511,NA,0.35170000000000,NA,0.16710000000000,1.44190000000000,NA,2019.3808,0.2374,0.0703,0.1671,0.8242,0.6880,0.6751,0.0129,NA,NA,NA,NA,NA
WindowsTerminal.exe,31340,0x20E7DA60E70,DXGI,1,0,0,Composed: Flip,2061.2050,NA,41.75390000000000,NA,0.40710000000000,1.42720000000000,NA,2019.6182,41.9939,41.5868,0.4071,34.7601,8.2539,2.5590,5.6949,NA,NA,NA,NA,NA
WindowsTerminal.exe,31340,0x20E7DA60E70,DXGI,1,0,0,Composed: Flip,2061.6847,NA,0.47970000000000,NA,0.25890000000000,1.59990000000000,NA,2061.6121,0.3315,0.0726,0.2589,1.0201,0.6524,0.6419,0.0105,NA,NA,NA,NA,NA
WindowsTerminal.exe,31340,0x20E7DA60E70,DXGI,1,0,0,Composed: Flip,2100.1865,NA,38.50180000000000,NA,0.22320000000000,1.62380000000000,NA,2061.9436,38.4661,38.2429,0.2232,38.1486,1.7181,1.7181,0.0000,NA,NA,NA,NA,NA
WindowsTerminal.exe,31340,0x20E7DA60E70,DXGI,1,0,0,Composed: Flip,2100.4750,NA,0.28850000000000,NA,0.17870000000000,2.19630000000000,NA,2100.4097,0.2440,0.0653,0.1787,1.4006,0.8610,0.8516,0.0094,NA,NA,NA,NA,NA
WindowsTerminal.exe,31340,0x20E7DA60E70,DXGI,1,0,0,Composed: Flip,2146.9233,NA,46.44830000000000,NA,0.36320000000000,1.11450000000000,NA,2100.6537,46.6328,46.2696,0.3632,37.9915,9.3926,2.2903,7.1023,NA,NA,NA,NA,NA
dwm.exe,2032,0x0,Other,-1,0,0,Hardware: Legacy Flip,1961.1524,NA,88.33230000000000,90.27320000000000,0.00000000000000,4.37340000000000,7.2869,1872.8201,88.3323,88.3323,0.0000,0.6039,92.1018,4.9538,87.1480,27.0555,1872.8201,NA,NA,NA
NVIDIA Overlay.exe,3556,0x2383AD26A40,DXGI,0,0,0,Composed: Copy with GPU GDI,1956.6839,NA,515.38250000000005,513.88919999999996,0.43900000000000,1.89980000000000,11.7554,1441.4164,515.7065,515.2675,0.4390,5.5301,511.6372,1.2523,510.3849,5.9999,1441.4164,NA,NA,NA
WindowsTerminal.exe,31340,0x20E7DA60E70,DXGI,1,0,0,Composed: Flip,2147.3597,NA,0.43640000000000,215.30240000000001,0.23110000000000,1.36960000000000,36.3820,2147.2865,0.3043,0.0732,0.2311,0.7513,0.6915,0.6779,0.0136,-1.6097,2147.2865,NA,NA,NA
WindowsTerminal.exe,31340,0x20E7DA60E70,DXGI,1,0,0,Composed: Flip,2186.9943,NA,39.63460000000000,NA,0.35350000000000,1.36510000000000,NA,2147.5908,39.7570,39.4035,0.3535,39.3152,1.4534,1.4534,0.0000,NA,NA,NA,NA,NA
WindowsTerminal.exe,31340,0x20E7DA60E70,DXGI,1,0,0,Composed: Flip,2187.4177,NA,0.42340000000000,NA,0.25700000000000,1.61990000000000,NA,2187.3478,0.3269,0.0699,0.2570,1.0116,0.6782,0.6611,0.0171,NA,NA,NA,NA,NA
WindowsTerminal.exe,31340,0x20E7DA60E70,DXGI,1,0,0,Composed: Flip,2228.7988,NA,41.38110000000000,NA,0.32420000000000,1.33310000000000,NA,2187.6747,41.4483,41.1241,0.3242,41.0181,1.4391,1.4391,0.0000,NA,NA,NA,NA,NA
WindowsTerminal.exe,31340,0x20E7DA60E70,DXGI,1,0,0,Composed: Flip,2229.1863,NA,0.38750000000000,NA,0.18330000000000,1.63340000000000,NA,2229.1230,0.2466,0.0633,0.1833,1.0089,0.6878,0.6780,0.0098,NA,NA,NA,NA,NA
WindowsTerminal.exe,31340,0x20E7DA60E70,DXGI,1,0,0,Composed: Flip,2268.6137,NA,39.42740000000000,NA,0.22580000000000,1.11680000000000,NA,2229.3696,39.4699,39.2441,0.2258,39.1493,1.2116,1.2116,0.0000,NA,NA,NA,NA,NA
WindowsTerminal.exe,31340,0x20E7DA60E70,DXGI,1,0,0,Composed: Flip,2268.9099,NA,0.29620000000000,NA,0.25550000000000,1.52180000000000,NA,2268.8395,0.3259,0.0704,0.2555,0.8910,0.7012,0.6897,0.0115,NA,NA,NA,NA,NA
WindowsTerminal.exe,31340,0x20E7DA60E70,DXGI,1,0,0,Composed: Flip,2308.7229,NA,39.81300000000000,NA,0.29120000000000,1.40830000000000,NA,2269.1654,39.8487,39.5575,0.2912,39.4267,1.5391,1.5391,0.0000,NA,NA,NA,NA,NA
WindowsTerminal.exe,31340,0x20E7DA60E70,DXGI,1,0,0,Composed: Flip,2309.0968,NA,0.37390000000000,NA,0.20860000000000,1.91450000000000,NA,2309.0141,0.2913,0.0827,0.2086,1.1171,0.8801,0.8695,0.0106,NA,NA,NA,NA,NA
WindowsTerminal.exe,31340,0x20E7DA60E70,DXGI,1,0,0,Composed: Flip,2353.5673,NA,44.47050000000000,NA,0.32510000000000,1.42550000000000,NA,2309.3054,44.5870,44.2619,0.3251,37.1128,8.5746,2.5462,6.0284,NA,NA,NA,NA,NA
WindowsTerminal.exe,31340,0x20E7DA60E70,DXGI,1,0,0,Composed: Flip,2353.9562,NA,0.38890000000000,NA,0.16130000000000,1.73660000000000,NA,2353.8924,0.2251,0.0638,0.1613,1.1004,0.7000,0.6837,0.0163,NA,NA,NA,NA,NA
WindowsTerminal.exe,31340,0x20E7DA60E70,DXGI,1,0,0,Composed: Flip,2396.6303,NA,42.67410000000000,NA,0.32020000000000,1.35660000000000,NA,2354.1175,42.8330,42.5128,0.3202,42.3966,1.4728,1.4728,0.0000,NA,NA,NA,NA,NA
WindowsTerminal.exe,31340,0x20E7DA60E70,DXGI,1,0,0,Composed: Flip,2397.0142,NA,0.38390000000000,NA,0.18290000000000,1.65950000000000,NA,2396.9505,0.2466,0.0637,0.1829,1.0364,0.6868,0.6779,0.0089,NA,NA,NA,NA,NA
WindowsTerminal.exe,31340,0x20E7DA60E70,DXGI,1,0,0,Composed: Flip,2437.6499,NA,40.63570000000000,NA,0.32770000000000,1.36270000000000,NA,2397.1971,40.7805,40.4528,0.3277,40.3276,1.4879,1.4879,0.0000,NA,NA,NA,NA,NA
FlClash.exe,7188,0x1B451855230,DXGI,0,0,0,Composed: Copy with GPU GDI,1304.3854,NA,1028.16499999999996,1034.89439999999991,0.11510000000000,2.12760000000000,11.4253,276.3261,1028.1744,1028.0593,0.1151,1.3599,1028.8270,2.0909,1026.7361,NA,276.3261,NA,NA,NA
dwm.exe,2032,0x0,Other,-1,0,0,Hardware: Legacy Flip,2178.3470,NA,217.19460000000001,215.30240000000001,0.00000000000000,1.96500000000000,5.3947,1961.1524,217.1946,217.1946,0.0000,4.3734,214.7862,2.6851,212.1011,-126.9701,1961.1524,NA,NA,NA
dwm.exe,2032,0x0,Other,-1,0,0,Hardware: Legacy Flip,2457.6816,NA,279.33460000000002,284.70560000000000,0.00000000000000,3.39660000000000,10.7657,2178.3470,279.3346,279.3346,0.0000,1.9650,280.7662,4.3007,276.4655,-67.5110,2178.3470,NA,NA,NA
WindowsTerminal.exe,31340,0x20E7DA60E70,DXGI,1,0,0,Composed: Flip,2438.0405,NA,0.39060000000000,284.70560000000000,0.15520000000000,1.65620000000000,30.4068,2437.9776,0.2181,0.0629,0.1552,1.0350,0.6841,0.6739,0.0102,5.9855,2437.9776,NA,NA,NA
WindowsTerminal.exe,31340,0x20E7DA60E70,DXGI,1,0,0,Composed: Flip,2481.1015,NA,43.06100000000000,NA,0.31890000000000,1.06930000000000,NA,2438.1957,43.2247,42.9058,0.3189,42.8132,1.1619,1.1619,0.0000,NA,NA,NA,NA,NA
WindowsTerminal.exe,31340,0x20E7DA60E70,DXGI,1,0,0,Composed: Flip,2481.4902,NA,0.38870000000000,NA,0.16500000000000,1.51040000000000,NA,2481.4204,0.2348,0.0698,0.1650,0.7504,0.8298,0.8154,0.0144,NA,NA,NA,NA,NA
WindowsTerminal.exe,31340,0x20E7DA60E70,DXGI,1,0,0,Composed: Flip,2531.7933,NA,50.30310000000000,NA,0.31110000000000,1.34250000000000,NA,2481.6552,50.4492,50.1381,0.3111,50.0395,1.4411,1.4411,0.0000,NA,NA,NA,NA,NA
WindowsTerminal.exe,31340,0x20E7DA60E70,DXGI,1,0,0,Composed: Flip,2532.1777,NA,0.38440000000000,NA,0.27550000000000,1.63780000000000,NA,2532.1044,0.3488,0.0733,0.2755,1.0314,0.6797,0.6696,0.0101,NA,NA,NA,NA,NA
WindowsTerminal.exe,31340,0x20E7DA60E70,DXGI,1,0,0,Composed: Flip,2569.5645,NA,37.38680000000000,NA,0.34040000000000,1.37140000000000,NA,2532.4532,37.4517,37.1113,0.3404,19.0562,19.4265,2.4106,17.0159,NA,NA,NA,NA,NA
WindowsTerminal.exe,31340,0x20E7DA60E70,DXGI,1,0,0,Composed: Flip,2569.9781,NA,0.41360000000000,NA,0.26650000000000,1.64030000000000,NA,2569.9049,0.3397,0.0732,0.2665,1.0310,0.6825,0.6735,0.0090,NA,NA,NA,NA,NA
WindowsTerminal.exe,31340,0x20E7DA60E70,DXGI,1,0,0,Composed: Flip,2609.6830,NA,39.70490000000000,NA,0.34260000000000,1.38500000000000,NA,2570.2446,39.7810,39.4384,0.3426,39.3295,1.4939,1.4939,0.0000,NA,NA,NA,NA,NA
WindowsTerminal.exe,31340,0x20E7DA60E70,DXGI,1,0,0,Composed: Flip,2610.1192,NA,0.43620000000000,NA,0.27590000000000,1.60650000000000,NA,2610.0256,0.3695,0.0936,0.2759,1.0424,0.6577,0.6482,0.0095,NA,NA,NA,NA,NA
WindowsTerminal.exe,31340,0x20E7DA60E70,DXGI,1,0,0,Composed: Flip,2659.1925,NA,49.07330000000000,NA,0.31320000000000,1.40600000000000,NA,2610.3951,49.1106,48.7974,0.3132,42.0640,8.1394,2.5424,5.5970,NA,NA,NA,NA,NA
dwm.exe,2032,0x0,Other,-1,0,0,Hardware: Legacy Flip,2469.9987,NA,12.31710000000000,6.95020000000000,0.00000000000000,1.89360000000000,5.3988,2457.6816,12.3171,12.3171,0.0000,3.3966,10.8141,2.6365,8.1776,272.3844,2457.6816,NA,NA,NA
NVIDIA Overlay.exe,3556,0x2383AD26A40,DXGI,0,0,0,Composed: Copy with GPU GDI,2449.0241,NA,492.34019999999998,500.00799999999998,0.19450000000000,1.87670000000000,19.4232,1957.1229,492.0957,491.9012,0.1945,1.4728,492.3051,1.4599,490.8452,15.6985,1957.1229,NA,NA,NA
WindowsTerminal.exe,31340,0x20E7DA60E70,DXGI,1,0,0,Composed: Flip,2659.5676,NA,0.37510000000000,208.33080000000001,0.16300000000000,1.71460000000000,17.2105,2659.5057,0.2249,0.0619,0.1630,1.0928,0.6837,0.6699,0.0138,13.1973,2659.5057,NA,NA,NA
WindowsTerminal.exe,31340,0x20E7DA60E70,DXGI,1,0,0,Composed: Flip,2703.1583,NA,43.59070000000000,NA,0.31760000000000,1.42080000000000,NA,2659.7306,43.7453,43.4277,0.3176,43.3137,1.5348,1.5348,0.0000,NA,NA,NA,NA,NA
WindowsTerminal.exe,31340,0x20E7DA60E70,DXGI,1,0,0,Composed: Flip,2703.5389,NA,0.38060000000000,NA,0.15880000000000,1.92990000000000,NA,2703.4759,0.2218,0.0630,0.1588,1.1032,0.8897,0.8809,0.0088,NA,NA,NA,NA,NA
WindowsTerminal.exe,31340,0x20E7DA60E70,DXGI,1,0,0,Composed: Flip,2744.8819,NA,41.34300000000000,NA,0.31290000000000,1.42580000000000,NA,2703.6977,41.4971,41.1842,0.3129,41.0739,1.5361,1.5361,0.0000,NA,NA,NA,NA,NA
WindowsTerminal.exe,31340,0x20E7DA60E70,DXGI,1,0,0,Composed: Flip,2745.2570,NA,0.37510000000000,NA,0.18010000000000,1.97520000000000,NA,2745.1948,0.2423,0.0622,0.1801,1.1129,0.9245,0.9115,0.0130,NA,NA,NA,NA,NA
WindowsTerminal.exe,31340,0x20E7DA60E70,DXGI,1,0,0,Composed: Flip,2798.5662,NA,53.30920000000000,NA,0.32420000000000,1.36770000000000,NA,2745.4371,53.4533,53.1291,0.3242,53.0335,1.4633,1.4633,0.0000,NA,NA,NA,NA,NA
WindowsTerminal.exe,31340,0x20E7DA60E70,DXGI,1,0,0,Composed: Flip,2798.9515,NA,0.38530000000000,NA,0.15570000000000,1.66320000000000,NA,2798.8904,0.2168,0.0611,0.1557,1.0435,0.6808,0.6713,0.0095,NA,NA,NA,NA,NA
WindowsTerminal.exe,31340,0x20E7DA60E70,DXGI,1,0,0,Composed: Flip,2847.5297,NA,48.57820000000000,NA,0.47270000000000,1.35180000000000,NA,2799.1072,48.8952,48.4225,0.4727,48.3050,1.4693,1.4693,0.0000,NA,NA,NA,NA,NA
WindowsTerminal.exe,31340,0x20E7DA60E70,DXGI,1,0,0,Composed: Flip,2848.0919,NA,0.56220000000000,NA,0.42780000000000,1.47010000000000,NA,2848.0024,0.5173,0.0895,0.4278,0.8791,0.6805,0.6722,0.0083,NA,NA,NA,NA,NA
WindowsTerminal.exe,31340,0x20E7DA60E70,DXGI,1,0,0,Composed: Flip,2886.1804,NA,38.08850000000000,NA,0.24370000000000,1.30150000000000,NA,2848.5197,37.9044,37.6607,0.2437,16.7203,22.2419,2.1572,20.0847,NA,NA,NA,NA,NA
WindowsTerminal.exe,31340,0x20E7DA60E70,DXGI,1,0,0,Composed: Flip,2886.4877,NA,0.30730000000000,NA,0.15900000000000,1.68690000000000,NA,2886.4241,0.2226,0.0636,0.1590,1.0578,0.6927,0.6808,0.0119,NA,NA,NA,NA,NA
WindowsTerminal.exe,31340,0x20E7DA60E70,DXGI,1,0,0,Composed: Flip,2932.2843,NA,45.79660000000000,NA,0.32510000000000,1.47210000000000,NA,2886.6467,45.9627,45.6376,0.3251,38.4311,8.6786,2.3864,6.2922,NA,NA,NA,NA,NA
dwm.exe,2032,0x0,Other,-1,0,0,Hardware: Legacy Flip,2671.3096,NA,201.31090000000000,201.38059999999999,0.00000000000000,1.92370000000000,5.4685,2469.9987,201.3109,201.3109,0.0000,1.8936,201.3410,2.5879,198.7531,-189.0635,2469.9987,NA,NA,NA
WindowsTerminal.exe,31340,0x20E7DA60E70,DXGI,1,0,0,Composed: Flip,2932.6824,NA,0.39810000000000,305.56299999999999,0.20550000000000,1.91690000000000,49.6587,2932.6094,0.2785,0.0730,0.2055,1.1470,0.8429,0.8297,0.0132,-32.4593,2932.6094,NA,NA,NA
dwm.exe,2032,0x0,Other,-1,0,0,Hardware: Legacy Flip,2975.6934,NA,304.38380000000001,305.56299999999999,0.00000000000000,3.77350000000000,6.6477,2671.3096,304.3838,304.3838,0.0000,1.9237,306.2336,4.5139,301.7197,-104.2521,2671.3096,NA,NA,NA
